{
    "commit_info": {
        "id": "e6e7bcffc2476d08d5e83dbc737de1a9166c9315", 
        "dirty": false
    }, 
    "version": "3.0.0", 
    "benchmarks": [
        {
            "stats": {
                "q1": 0.0039424896240234375, 
                "q3": 0.006395578384399414, 
                "iterations": 1, 
                "min": 0.00391697883605957, 
                "max": 0.008077144622802734, 
                "median": 0.004341006278991699, 
                "iqr": 0.0024530887603759766, 
                "iqr_outliers": 0, 
                "stddev_outliers": 1, 
                "ld15iqr": 0.00391697883605957, 
                "stddev": 0.0019726696036221074, 
                "hd15iqr": 0.008077144622802734, 
                "outliers": "1;0", 
                "data": [
                    0.008077144622802734, 
                    0.004714012145996094, 
                    0.003968000411987305, 
                    0.00391697883605957
                ], 
                "rounds": 4, 
                "mean": 0.005169034004211426
            }, 
            "fullname": "tests/test_argument_source_updates.py::test_argument_updates_with_db_small", 
            "group": null, 
            "name": "test_argument_updates_with_db_small", 
            "options": {
                "disable_gc": false, 
                "warmup": false, 
                "timer": "time", 
                "min_rounds": 5, 
                "max_time": 1.0, 
                "min_time": 5e-06
            }
        }, 
        {
            "stats": {
                "q1": 0.00391995906829834, 
                "q3": 0.004778504371643066, 
                "iterations": 1, 
                "min": 0.0038700103759765625, 
                "max": 0.004868030548095703, 
                "median": 0.0043294429779052734, 
                "iqr": 0.0008585453033447266, 
                "iqr_outliers": 0, 
                "stddev_outliers": 1, 
                "ld15iqr": 0.0038700103759765625, 
                "stddev": 0.0005026992653548962, 
                "hd15iqr": 0.004868030548095703, 
                "outliers": "1;0", 
                "data": [
                    0.003969907760620117, 
                    0.0038700103759765625, 
                    0.00468897819519043, 
                    0.004868030548095703
                ], 
                "rounds": 4, 
                "mean": 0.004349231719970703
            }, 
            "fullname": "tests/test_argument_source_updates.py::test_argument_updates_with_db_medium", 
            "group": null, 
            "name": "test_argument_updates_with_db_medium", 
            "options": {
                "disable_gc": false, 
                "warmup": false, 
                "timer": "time", 
                "min_rounds": 5, 
                "max_time": 1.0, 
                "min_time": 5e-06
            }
        }, 
        {
            "stats": {
                "q1": 0.004495501518249512, 
                "q3": 0.00506746768951416, 
                "iterations": 1, 
                "min": 0.004295825958251953, 
                "max": 0.005244016647338867, 
                "median": 0.004793047904968262, 
                "iqr": 0.0005719661712646484, 
                "iqr_outliers": 0, 
                "stddev_outliers": 2, 
                "ld15iqr": 0.004295825958251953, 
                "stddev": 0.0003954849464517365, 
                "hd15iqr": 0.005244016647338867, 
                "outliers": "2;0", 
                "data": [
                    0.004890918731689453, 
                    0.00469517707824707, 
                    0.004295825958251953, 
                    0.005244016647338867
                ], 
                "rounds": 4, 
                "mean": 0.004781484603881836
            }, 
            "fullname": "tests/test_argument_source_updates.py::test_argument_updates_with_db_large", 
            "group": null, 
            "name": "test_argument_updates_with_db_large", 
            "options": {
                "disable_gc": false, 
                "warmup": false, 
                "timer": "time", 
                "min_rounds": 5, 
                "max_time": 1.0, 
                "min_time": 5e-06
            }
        }, 
        {
            "stats": {
                "q1": 0.004503965377807617, 
                "q3": 0.004621148109436035, 
                "iterations": 1, 
                "min": 0.004472970962524414, 
                "max": 0.004680156707763672, 
                "median": 0.004548549652099609, 
                "iqr": 0.00011718273162841797, 
                "iqr_outliers": 0, 
                "stddev_outliers": 2, 
                "ld15iqr": 0.004472970962524414, 
                "stddev": 8.682766360743539e-05, 
                "hd15iqr": 0.004680156707763672, 
                "outliers": "2;0", 
                "data": [
                    0.004680156707763672, 
                    0.004472970962524414, 
                    0.00453495979309082, 
                    0.0045621395111083984
                ], 
                "rounds": 4, 
                "mean": 0.004562556743621826
            }, 
            "fullname": "tests/test_argument_source_updates.py::test_argument_updates_with_db_humongous", 
            "group": null, 
            "name": "test_argument_updates_with_db_humongous", 
            "options": {
                "disable_gc": false, 
                "warmup": false, 
                "timer": "time", 
                "min_rounds": 5, 
                "max_time": 1.0, 
                "min_time": 5e-06
            }
        }
    ], 
    "machine_info": {
        "node": "anderslime.local", 
        "machine": "x86_64", 
        "python_version": "2.7.11", 
        "release": "15.3.0", 
        "python_compiler": "GCC 4.2.1 Compatible Apple LLVM 7.0.2 (clang-700.1.81)", 
        "python_implementation": "CPython", 
        "processor": "i386", 
        "system": "Darwin"
    }, 
    "datetime": "2016-03-17T13:02:48.712653"
}