{
    "commit_info": {
        "id": "8434394a2fd27a9104aa30307e7af4b2fdfdd521", 
        "dirty": false
    }, 
    "version": "3.0.0", 
    "benchmarks": [
        {
            "stats": {
                "q1": 0.0043239593505859375, 
                "q3": 0.006273627281188965, 
                "iterations": 1, 
                "min": 0.003954887390136719, 
                "max": 0.007826089859008789, 
                "median": 0.0047070980072021484, 
                "iqr": 0.0019496679306030273, 
                "iqr_outliers": 0, 
                "stddev_outliers": 1, 
                "ld15iqr": 0.003954887390136719, 
                "stddev": 0.0017218123566621595, 
                "hd15iqr": 0.007826089859008789, 
                "outliers": "1;0", 
                "data": [
                    0.007826089859008789, 
                    0.003954887390136719, 
                    0.004693031311035156, 
                    0.004721164703369141
                ], 
                "rounds": 4, 
                "mean": 0.005298793315887451
            }, 
            "fullname": "tests/test_argument_source_updates.py::test_argument_updates_with_db_small", 
            "group": null, 
            "name": "test_argument_updates_with_db_small", 
            "options": {
                "disable_gc": false, 
                "warmup": false, 
                "timer": "time", 
                "min_rounds": 5, 
                "max_time": 1.0, 
                "min_time": 5e-06
            }
        }, 
        {
            "stats": {
                "q1": 0.0041654109954833984, 
                "q3": 0.00459599494934082, 
                "iterations": 1, 
                "min": 0.004077911376953125, 
                "max": 0.0047419071197509766, 
                "median": 0.004351496696472168, 
                "iqr": 0.0004305839538574219, 
                "iqr_outliers": 0, 
                "stddev_outliers": 2, 
                "ld15iqr": 0.004077911376953125, 
                "stddev": 0.00028477806022291706, 
                "hd15iqr": 0.0047419071197509766, 
                "outliers": "2;0", 
                "data": [
                    0.004450082778930664, 
                    0.0047419071197509766, 
                    0.004077911376953125, 
                    0.004252910614013672
                ], 
                "rounds": 4, 
                "mean": 0.004380702972412109
            }, 
            "fullname": "tests/test_argument_source_updates.py::test_argument_updates_with_db_medium", 
            "group": null, 
            "name": "test_argument_updates_with_db_medium", 
            "options": {
                "disable_gc": false, 
                "warmup": false, 
                "timer": "time", 
                "min_rounds": 5, 
                "max_time": 1.0, 
                "min_time": 5e-06
            }
        }, 
        {
            "stats": {
                "q1": 0.0040814876556396484, 
                "q3": 0.004568934440612793, 
                "iterations": 1, 
                "min": 0.00406193733215332, 
                "max": 0.004909038543701172, 
                "median": 0.004164934158325195, 
                "iqr": 0.00048744678497314453, 
                "iqr_outliers": 0, 
                "stddev_outliers": 1, 
                "ld15iqr": 0.00406193733215332, 
                "stddev": 0.0003956894406613165, 
                "hd15iqr": 0.004909038543701172, 
                "outliers": "1;0", 
                "data": [
                    0.004909038543701172, 
                    0.0041010379791259766, 
                    0.004228830337524414, 
                    0.00406193733215332
                ], 
                "rounds": 4, 
                "mean": 0.004325211048126221
            }, 
            "fullname": "tests/test_argument_source_updates.py::test_argument_updates_with_db_large", 
            "group": null, 
            "name": "test_argument_updates_with_db_large", 
            "options": {
                "disable_gc": false, 
                "warmup": false, 
                "timer": "time", 
                "min_rounds": 5, 
                "max_time": 1.0, 
                "min_time": 5e-06
            }
        }, 
        {
            "stats": {
                "q1": 0.003967642784118652, 
                "q3": 0.004204511642456055, 
                "iterations": 1, 
                "min": 0.003945112228393555, 
                "max": 0.004343986511230469, 
                "median": 0.004027605056762695, 
                "iqr": 0.00023686885833740234, 
                "iqr_outliers": 0, 
                "stddev_outliers": 1, 
                "ld15iqr": 0.003945112228393555, 
                "stddev": 0.00017891206962444606, 
                "hd15iqr": 0.004343986511230469, 
                "outliers": "1;0", 
                "data": [
                    0.003945112228393555, 
                    0.004343986511230469, 
                    0.00399017333984375, 
                    0.004065036773681641
                ], 
                "rounds": 4, 
                "mean": 0.0040860772132873535
            }, 
            "fullname": "tests/test_argument_source_updates.py::test_argument_updates_with_db_humongous", 
            "group": null, 
            "name": "test_argument_updates_with_db_humongous", 
            "options": {
                "disable_gc": false, 
                "warmup": false, 
                "timer": "time", 
                "min_rounds": 5, 
                "max_time": 1.0, 
                "min_time": 5e-06
            }
        }
    ], 
    "machine_info": {
        "node": "anderslime.local", 
        "machine": "x86_64", 
        "python_version": "2.7.11", 
        "release": "15.4.0", 
        "python_compiler": "GCC 4.2.1 Compatible Apple LLVM 7.0.2 (clang-700.1.81)", 
        "python_implementation": "CPython", 
        "processor": "i386", 
        "system": "Darwin"
    }, 
    "datetime": "2016-04-20T09:16:22.980497"
}