{
    "commit_info": {
        "id": "b9961e0f86453a24d0ac7d8117d923fbf2dbb54d", 
        "dirty": true
    }, 
    "version": "3.0.0", 
    "benchmarks": [
        {
            "stats": {
                "q1": 0.003924012184143066, 
                "q3": 0.005518078804016113, 
                "iterations": 1, 
                "min": 0.0038900375366210938, 
                "max": 0.006907939910888672, 
                "median": 0.004043102264404297, 
                "iqr": 0.0015940666198730469, 
                "iqr_outliers": 0, 
                "stddev_outliers": 1, 
                "ld15iqr": 0.0038900375366210938, 
                "stddev": 0.0014613674799921696, 
                "hd15iqr": 0.006907939910888672, 
                "outliers": "1;0", 
                "data": [
                    0.006907939910888672, 
                    0.0038900375366210938, 
                    0.004128217697143555, 
                    0.003957986831665039
                ], 
                "rounds": 4, 
                "mean": 0.00472104549407959
            }, 
            "fullname": "tests/test_argument_source_updates.py::test_argument_updates_with_db_small", 
            "group": null, 
            "name": "test_argument_updates_with_db_small", 
            "options": {
                "disable_gc": false, 
                "warmup": false, 
                "timer": "time", 
                "min_rounds": 5, 
                "max_time": 1.0, 
                "min_time": 5e-06
            }
        }, 
        {
            "stats": {
                "q1": 0.0040215253829956055, 
                "q3": 0.00442349910736084, 
                "iterations": 1, 
                "min": 0.0038030147552490234, 
                "max": 0.004456043243408203, 
                "median": 0.004315495491027832, 
                "iqr": 0.0004019737243652344, 
                "iqr_outliers": 0, 
                "stddev_outliers": 1, 
                "ld15iqr": 0.0038030147552490234, 
                "stddev": 0.00029393588050151723, 
                "hd15iqr": 0.004456043243408203, 
                "outliers": "1;0", 
                "data": [
                    0.004456043243408203, 
                    0.0043909549713134766, 
                    0.0042400360107421875, 
                    0.0038030147552490234
                ], 
                "rounds": 4, 
                "mean": 0.004222512245178223
            }, 
            "fullname": "tests/test_argument_source_updates.py::test_argument_updates_with_db_medium", 
            "group": null, 
            "name": "test_argument_updates_with_db_medium", 
            "options": {
                "disable_gc": false, 
                "warmup": false, 
                "timer": "time", 
                "min_rounds": 5, 
                "max_time": 1.0, 
                "min_time": 5e-06
            }
        }, 
        {
            "stats": {
                "q1": 0.003871440887451172, 
                "q3": 0.004339456558227539, 
                "iterations": 1, 
                "min": 0.003810882568359375, 
                "max": 0.004549980163574219, 
                "median": 0.004030466079711914, 
                "iqr": 0.0004680156707763672, 
                "iqr_outliers": 0, 
                "stddev_outliers": 1, 
                "ld15iqr": 0.003810882568359375, 
                "stddev": 0.0003240440633262858, 
                "hd15iqr": 0.004549980163574219, 
                "outliers": "1;0", 
                "data": [
                    0.004128932952880859, 
                    0.003931999206542969, 
                    0.003810882568359375, 
                    0.004549980163574219
                ], 
                "rounds": 4, 
                "mean": 0.0041054487228393555
            }, 
            "fullname": "tests/test_argument_source_updates.py::test_argument_updates_with_db_large", 
            "group": null, 
            "name": "test_argument_updates_with_db_large", 
            "options": {
                "disable_gc": false, 
                "warmup": false, 
                "timer": "time", 
                "min_rounds": 5, 
                "max_time": 1.0, 
                "min_time": 5e-06
            }
        }, 
        {
            "stats": {
                "q1": 0.004230499267578125, 
                "q3": 0.004662990570068359, 
                "iterations": 1, 
                "min": 0.0038878917694091797, 
                "max": 0.0047190189361572266, 
                "median": 0.004590034484863281, 
                "iqr": 0.0004324913024902344, 
                "iqr_outliers": 0, 
                "stddev_outliers": 1, 
                "ld15iqr": 0.0038878917694091797, 
                "stddev": 0.000377750745839124, 
                "hd15iqr": 0.0047190189361572266, 
                "outliers": "1;0", 
                "data": [
                    0.0047190189361572266, 
                    0.004606962203979492, 
                    0.00457310676574707, 
                    0.0038878917694091797
                ], 
                "rounds": 4, 
                "mean": 0.004446744918823242
            }, 
            "fullname": "tests/test_argument_source_updates.py::test_argument_updates_with_db_humongous", 
            "group": null, 
            "name": "test_argument_updates_with_db_humongous", 
            "options": {
                "disable_gc": false, 
                "warmup": false, 
                "timer": "time", 
                "min_rounds": 5, 
                "max_time": 1.0, 
                "min_time": 5e-06
            }
        }
    ], 
    "machine_info": {
        "node": "anderslime.local", 
        "machine": "x86_64", 
        "python_version": "2.7.11", 
        "release": "15.3.0", 
        "python_compiler": "GCC 4.2.1 Compatible Apple LLVM 7.0.2 (clang-700.1.81)", 
        "python_implementation": "CPython", 
        "processor": "i386", 
        "system": "Darwin"
    }, 
    "datetime": "2016-03-16T11:18:41.333284"
}