{
    "commit_info": {
        "id": "bc8eb76841cb39aa737957b4ebd367b3a9760330", 
        "dirty": true
    }, 
    "version": "3.0.0", 
    "benchmarks": [
        {
            "stats": {
                "q1": 1.1850979328155518, 
                "q3": 1.1850979328155518, 
                "iterations": 1, 
                "min": 1.1850979328155518, 
                "max": 1.1850979328155518, 
                "median": 1.1850979328155518, 
                "iqr": 0.0, 
                "iqr_outliers": 0, 
                "stddev_outliers": 0, 
                "ld15iqr": 1.1850979328155518, 
                "stddev": 0, 
                "hd15iqr": 1.1850979328155518, 
                "outliers": "0;0", 
                "data": [
                    1.1850979328155518
                ], 
                "rounds": 1, 
                "mean": 1.1850979328155518
            }, 
            "fullname": "tests/test_duplicate_updates.py::test_duplicate_updates_by_runtime__milliseconds_100", 
            "group": null, 
            "name": "test_duplicate_updates_by_runtime__milliseconds_100", 
            "options": {
                "disable_gc": false, 
                "warmup": false, 
                "timer": "time", 
                "min_rounds": 5, 
                "max_time": 1.0, 
                "min_time": 5e-06
            }
        }, 
        {
            "stats": {
                "q1": 5.179707050323486, 
                "q3": 5.179707050323486, 
                "iterations": 1, 
                "min": 5.179707050323486, 
                "max": 5.179707050323486, 
                "median": 5.179707050323486, 
                "iqr": 0.0, 
                "iqr_outliers": 0, 
                "stddev_outliers": 0, 
                "ld15iqr": 5.179707050323486, 
                "stddev": 0, 
                "hd15iqr": 5.179707050323486, 
                "outliers": "0;0", 
                "data": [
                    5.179707050323486
                ], 
                "rounds": 1, 
                "mean": 5.179707050323486
            }, 
            "fullname": "tests/test_duplicate_updates.py::test_duplicate_updates_by_runtime__milliseconds_500", 
            "group": null, 
            "name": "test_duplicate_updates_by_runtime__milliseconds_500", 
            "options": {
                "disable_gc": false, 
                "warmup": false, 
                "timer": "time", 
                "min_rounds": 5, 
                "max_time": 1.0, 
                "min_time": 5e-06
            }
        }, 
        {
            "stats": {
                "q1": 10.190330028533936, 
                "q3": 10.190330028533936, 
                "iterations": 1, 
                "min": 10.190330028533936, 
                "max": 10.190330028533936, 
                "median": 10.190330028533936, 
                "iqr": 0.0, 
                "iqr_outliers": 0, 
                "stddev_outliers": 0, 
                "ld15iqr": 10.190330028533936, 
                "stddev": 0, 
                "hd15iqr": 10.190330028533936, 
                "outliers": "0;0", 
                "data": [
                    10.190330028533936
                ], 
                "rounds": 1, 
                "mean": 10.190330028533936
            }, 
            "fullname": "tests/test_duplicate_updates.py::test_duplicate_updates_by_runtime__milliseconds_1000", 
            "group": null, 
            "name": "test_duplicate_updates_by_runtime__milliseconds_1000", 
            "options": {
                "disable_gc": false, 
                "warmup": false, 
                "timer": "time", 
                "min_rounds": 5, 
                "max_time": 1.0, 
                "min_time": 5e-06
            }
        }, 
        {
            "stats": {
                "q1": 5.182982921600342, 
                "q3": 5.182982921600342, 
                "iterations": 1, 
                "min": 5.182982921600342, 
                "max": 5.182982921600342, 
                "median": 5.182982921600342, 
                "iqr": 0.0, 
                "iqr_outliers": 0, 
                "stddev_outliers": 0, 
                "ld15iqr": 5.182982921600342, 
                "stddev": 0, 
                "hd15iqr": 5.182982921600342, 
                "outliers": "0;0", 
                "data": [
                    5.182982921600342
                ], 
                "rounds": 1, 
                "mean": 5.182982921600342
            }, 
            "fullname": "tests/test_duplicate_updates.py::test_duplicate_updates_by_updates__updates_10", 
            "group": null, 
            "name": "test_duplicate_updates_by_updates__updates_10", 
            "options": {
                "disable_gc": false, 
                "warmup": false, 
                "timer": "time", 
                "min_rounds": 5, 
                "max_time": 1.0, 
                "min_time": 5e-06
            }
        }, 
        {
            "stats": {
                "q1": 10.363572120666504, 
                "q3": 10.363572120666504, 
                "iterations": 1, 
                "min": 10.363572120666504, 
                "max": 10.363572120666504, 
                "median": 10.363572120666504, 
                "iqr": 0.0, 
                "iqr_outliers": 0, 
                "stddev_outliers": 0, 
                "ld15iqr": 10.363572120666504, 
                "stddev": 0, 
                "hd15iqr": 10.363572120666504, 
                "outliers": "0;0", 
                "data": [
                    10.363572120666504
                ], 
                "rounds": 1, 
                "mean": 10.363572120666504
            }, 
            "fullname": "tests/test_duplicate_updates.py::test_duplicate_updates_by_updates__updates_20", 
            "group": null, 
            "name": "test_duplicate_updates_by_updates__updates_20", 
            "options": {
                "disable_gc": false, 
                "warmup": false, 
                "timer": "time", 
                "min_rounds": 5, 
                "max_time": 1.0, 
                "min_time": 5e-06
            }
        }, 
        {
            "stats": {
                "q1": 20.83630895614624, 
                "q3": 20.83630895614624, 
                "iterations": 1, 
                "min": 20.83630895614624, 
                "max": 20.83630895614624, 
                "median": 20.83630895614624, 
                "iqr": 0.0, 
                "iqr_outliers": 0, 
                "stddev_outliers": 0, 
                "ld15iqr": 20.83630895614624, 
                "stddev": 0, 
                "hd15iqr": 20.83630895614624, 
                "outliers": "0;0", 
                "data": [
                    20.83630895614624
                ], 
                "rounds": 1, 
                "mean": 20.83630895614624
            }, 
            "fullname": "tests/test_duplicate_updates.py::test_duplicate_updates_by_updates__updates_40", 
            "group": null, 
            "name": "test_duplicate_updates_by_updates__updates_40", 
            "options": {
                "disable_gc": false, 
                "warmup": false, 
                "timer": "time", 
                "min_rounds": 5, 
                "max_time": 1.0, 
                "min_time": 5e-06
            }
        }
    ], 
    "machine_info": {
        "node": "anderslime.local", 
        "machine": "x86_64", 
        "python_version": "2.7.11", 
        "release": "15.4.0", 
        "python_compiler": "GCC 4.2.1 Compatible Apple LLVM 7.0.2 (clang-700.1.81)", 
        "python_implementation": "CPython", 
        "processor": "i386", 
        "system": "Darwin"
    }, 
    "datetime": "2016-04-20T11:11:41.899793"
}