{
    "commit_info": {
        "id": "e6e7bcffc2476d08d5e83dbc737de1a9166c9315", 
        "dirty": false
    }, 
    "version": "3.0.0", 
    "benchmarks": [
        {
            "stats": {
                "q1": 0.004734039306640625, 
                "q3": 0.006342887878417969, 
                "iterations": 1, 
                "min": 0.004389047622680664, 
                "max": 0.0073778629302978516, 
                "median": 0.005193471908569336, 
                "iqr": 0.0016088485717773438, 
                "iqr_outliers": 0, 
                "stddev_outliers": 1, 
                "ld15iqr": 0.004389047622680664, 
                "stddev": 0.0012869575189752237, 
                "hd15iqr": 0.0073778629302978516, 
                "outliers": "1;0", 
                "data": [
                    0.0073778629302978516, 
                    0.005307912826538086, 
                    0.005079030990600586, 
                    0.004389047622680664
                ], 
                "rounds": 4, 
                "mean": 0.005538463592529297
            }, 
            "fullname": "tests/test_relation_source_updates.py::test_relation_updates_with_db_small", 
            "group": null, 
            "name": "test_relation_updates_with_db_small", 
            "options": {
                "disable_gc": false, 
                "warmup": false, 
                "timer": "time", 
                "min_rounds": 5, 
                "max_time": 1.0, 
                "min_time": 5e-06
            }
        }, 
        {
            "stats": {
                "q1": 0.005017995834350586, 
                "q3": 0.00550997257232666, 
                "iterations": 1, 
                "min": 0.0046041011810302734, 
                "max": 0.005574941635131836, 
                "median": 0.005438446998596191, 
                "iqr": 0.0004919767379760742, 
                "iqr_outliers": 0, 
                "stddev_outliers": 1, 
                "ld15iqr": 0.0046041011810302734, 
                "stddev": 0.00044463492029882517, 
                "hd15iqr": 0.005574941635131836, 
                "outliers": "1;0", 
                "data": [
                    0.005445003509521484, 
                    0.005574941635131836, 
                    0.0054318904876708984, 
                    0.0046041011810302734
                ], 
                "rounds": 4, 
                "mean": 0.005263984203338623
            }, 
            "fullname": "tests/test_relation_source_updates.py::test_relation_updates_with_db_medium", 
            "group": null, 
            "name": "test_relation_updates_with_db_medium", 
            "options": {
                "disable_gc": false, 
                "warmup": false, 
                "timer": "time", 
                "min_rounds": 5, 
                "max_time": 1.0, 
                "min_time": 5e-06
            }
        }, 
        {
            "stats": {
                "q1": 0.0050334930419921875, 
                "q3": 0.006034970283508301, 
                "iterations": 1, 
                "min": 0.005012989044189453, 
                "max": 0.006309032440185547, 
                "median": 0.005407452583312988, 
                "iqr": 0.0010014772415161133, 
                "iqr_outliers": 0, 
                "stddev_outliers": 1, 
                "ld15iqr": 0.005012989044189453, 
                "stddev": 0.0006202197526070039, 
                "hd15iqr": 0.006309032440185547, 
                "outliers": "1;0", 
                "data": [
                    0.005012989044189453, 
                    0.005053997039794922, 
                    0.005760908126831055, 
                    0.006309032440185547
                ], 
                "rounds": 4, 
                "mean": 0.005534231662750244
            }, 
            "fullname": "tests/test_relation_source_updates.py::test_relation_updates_with_db_large", 
            "group": null, 
            "name": "test_relation_updates_with_db_large", 
            "options": {
                "disable_gc": false, 
                "warmup": false, 
                "timer": "time", 
                "min_rounds": 5, 
                "max_time": 1.0, 
                "min_time": 5e-06
            }
        }, 
        {
            "stats": {
                "q1": 0.006007552146911621, 
                "q3": 0.006494998931884766, 
                "iterations": 1, 
                "min": 0.005789995193481445, 
                "max": 0.006730079650878906, 
                "median": 0.006242513656616211, 
                "iqr": 0.00048744678497314453, 
                "iqr_outliers": 0, 
                "stddev_outliers": 2, 
                "ld15iqr": 0.005789995193481445, 
                "stddev": 0.0003841841195043069, 
                "hd15iqr": 0.006730079650878906, 
                "outliers": "2;0", 
                "data": [
                    0.006225109100341797, 
                    0.005789995193481445, 
                    0.006730079650878906, 
                    0.006259918212890625
                ], 
                "rounds": 4, 
                "mean": 0.006251275539398193
            }, 
            "fullname": "tests/test_relation_source_updates.py::test_relation_updates_with_db_humongous", 
            "group": null, 
            "name": "test_relation_updates_with_db_humongous", 
            "options": {
                "disable_gc": false, 
                "warmup": false, 
                "timer": "time", 
                "min_rounds": 5, 
                "max_time": 1.0, 
                "min_time": 5e-06
            }
        }
    ], 
    "machine_info": {
        "node": "anderslime.local", 
        "machine": "x86_64", 
        "python_version": "2.7.11", 
        "release": "15.3.0", 
        "python_compiler": "GCC 4.2.1 Compatible Apple LLVM 7.0.2 (clang-700.1.81)", 
        "python_implementation": "CPython", 
        "processor": "i386", 
        "system": "Darwin"
    }, 
    "datetime": "2016-03-17T13:02:52.496479"
}