{
    "commit_info": {
        "id": "8434394a2fd27a9104aa30307e7af4b2fdfdd521", 
        "dirty": false
    }, 
    "version": "3.0.0", 
    "benchmarks": [
        {
            "stats": {
                "q1": 0.005770564079284668, 
                "q3": 0.0073049068450927734, 
                "iterations": 1, 
                "min": 0.005754947662353516, 
                "max": 0.008150815963745117, 
                "median": 0.006122589111328125, 
                "iqr": 0.0015343427658081055, 
                "iqr_outliers": 0, 
                "stddev_outliers": 1, 
                "ld15iqr": 0.005754947662353516, 
                "stddev": 0.001123361019735207, 
                "hd15iqr": 0.008150815963745117, 
                "outliers": "1;0", 
                "data": [
                    0.008150815963745117, 
                    0.005754947662353516, 
                    0.00645899772644043, 
                    0.00578618049621582
                ], 
                "rounds": 4, 
                "mean": 0.006537735462188721
            }, 
            "fullname": "tests/test_relation_source_updates.py::test_relation_updates_with_db_small", 
            "group": null, 
            "name": "test_relation_updates_with_db_small", 
            "options": {
                "disable_gc": false, 
                "warmup": false, 
                "timer": "time", 
                "min_rounds": 5, 
                "max_time": 1.0, 
                "min_time": 5e-06
            }
        }, 
        {
            "stats": {
                "q1": 0.007353425025939941, 
                "q3": 0.010048389434814453, 
                "iterations": 1, 
                "min": 0.007225990295410156, 
                "max": 0.010701894760131836, 
                "median": 0.008437871932983398, 
                "iqr": 0.0026949644088745117, 
                "iqr_outliers": 0, 
                "stddev_outliers": 1, 
                "ld15iqr": 0.007225990295410156, 
                "stddev": 0.0016481758408037153, 
                "hd15iqr": 0.010701894760131836, 
                "outliers": "1;0", 
                "data": [
                    0.007225990295410156, 
                    0.010701894760131836, 
                    0.0074808597564697266, 
                    0.00939488410949707
                ], 
                "rounds": 4, 
                "mean": 0.008700907230377197
            }, 
            "fullname": "tests/test_relation_source_updates.py::test_relation_updates_with_db_medium", 
            "group": null, 
            "name": "test_relation_updates_with_db_medium", 
            "options": {
                "disable_gc": false, 
                "warmup": false, 
                "timer": "time", 
                "min_rounds": 5, 
                "max_time": 1.0, 
                "min_time": 5e-06
            }
        }, 
        {
            "stats": {
                "q1": 0.008648037910461426, 
                "q3": 0.0154649019241333, 
                "iterations": 1, 
                "min": 0.008300065994262695, 
                "max": 0.017019987106323242, 
                "median": 0.011452913284301758, 
                "iqr": 0.006816864013671875, 
                "iqr_outliers": 0, 
                "stddev_outliers": 1, 
                "ld15iqr": 0.008300065994262695, 
                "stddev": 0.004145213453995427, 
                "hd15iqr": 0.017019987106323242, 
                "outliers": "1;0", 
                "data": [
                    0.01390981674194336, 
                    0.017019987106323242, 
                    0.008300065994262695, 
                    0.008996009826660156
                ], 
                "rounds": 4, 
                "mean": 0.012056469917297363
            }, 
            "fullname": "tests/test_relation_source_updates.py::test_relation_updates_with_db_large", 
            "group": null, 
            "name": "test_relation_updates_with_db_large", 
            "options": {
                "disable_gc": false, 
                "warmup": false, 
                "timer": "time", 
                "min_rounds": 5, 
                "max_time": 1.0, 
                "min_time": 5e-06
            }
        }, 
        {
            "stats": {
                "q1": 0.010080933570861816, 
                "q3": 0.011685490608215332, 
                "iterations": 1, 
                "min": 0.009636878967285156, 
                "max": 0.011857032775878906, 
                "median": 0.011019468307495117, 
                "iqr": 0.0016045570373535156, 
                "iqr_outliers": 0, 
                "stddev_outliers": 1, 
                "ld15iqr": 0.009636878967285156, 
                "stddev": 0.0010046269122762899, 
                "hd15iqr": 0.011857032775878906, 
                "outliers": "1;0", 
                "data": [
                    0.011857032775878906, 
                    0.010524988174438477, 
                    0.011513948440551758, 
                    0.009636878967285156
                ], 
                "rounds": 4, 
                "mean": 0.010883212089538574
            }, 
            "fullname": "tests/test_relation_source_updates.py::test_relation_updates_with_db_humongous", 
            "group": null, 
            "name": "test_relation_updates_with_db_humongous", 
            "options": {
                "disable_gc": false, 
                "warmup": false, 
                "timer": "time", 
                "min_rounds": 5, 
                "max_time": 1.0, 
                "min_time": 5e-06
            }
        }
    ], 
    "machine_info": {
        "node": "anderslime.local", 
        "machine": "x86_64", 
        "python_version": "2.7.11", 
        "release": "15.4.0", 
        "python_compiler": "GCC 4.2.1 Compatible Apple LLVM 7.0.2 (clang-700.1.81)", 
        "python_implementation": "CPython", 
        "processor": "i386", 
        "system": "Darwin"
    }, 
    "datetime": "2016-04-20T09:16:25.319968"
}