{
    "commit_info": {
        "id": "062b374a623e206c85ae96f3ba12494403e0f3ff", 
        "dirty": true
    }, 
    "version": "3.0.0", 
    "benchmarks": [
        {
            "stats": {
                "q1": 0.004092097282409668, 
                "q3": 0.0053980350494384766, 
                "iterations": 1, 
                "min": 0.0037641525268554688, 
                "max": 0.006326913833618164, 
                "median": 0.004444599151611328, 
                "iqr": 0.0013059377670288086, 
                "iqr_outliers": 0, 
                "stddev_outliers": 1, 
                "ld15iqr": 0.0037641525268554688, 
                "stddev": 0.0011024518988964956, 
                "hd15iqr": 0.006326913833618164, 
                "outliers": "1;0", 
                "data": [
                    0.006326913833618164, 
                    0.0037641525268554688, 
                    0.004469156265258789, 
                    0.004420042037963867
                ], 
                "rounds": 4, 
                "mean": 0.004745066165924072
            }, 
            "fullname": "tests/test_argument_source_updates.py::test_argument_updates_with_db_small", 
            "group": null, 
            "name": "test_argument_updates_with_db_small", 
            "options": {
                "disable_gc": false, 
                "warmup": false, 
                "timer": "time", 
                "min_rounds": 5, 
                "max_time": 1.0, 
                "min_time": 5e-06
            }
        }, 
        {
            "stats": {
                "q1": 0.004292011260986328, 
                "q3": 0.004432559013366699, 
                "iterations": 1, 
                "min": 0.004191160202026367, 
                "max": 0.004435062408447266, 
                "median": 0.004411458969116211, 
                "iqr": 0.0001405477523803711, 
                "iqr_outliers": 0, 
                "stddev_outliers": 1, 
                "ld15iqr": 0.004191160202026367, 
                "stddev": 0.00011562594411827009, 
                "hd15iqr": 0.004435062408447266, 
                "outliers": "1;0", 
                "data": [
                    0.004191160202026367, 
                    0.004435062408447266, 
                    0.004430055618286133, 
                    0.004392862319946289
                ], 
                "rounds": 4, 
                "mean": 0.004362285137176514
            }, 
            "fullname": "tests/test_argument_source_updates.py::test_argument_updates_with_db_medium", 
            "group": null, 
            "name": "test_argument_updates_with_db_medium", 
            "options": {
                "disable_gc": false, 
                "warmup": false, 
                "timer": "time", 
                "min_rounds": 5, 
                "max_time": 1.0, 
                "min_time": 5e-06
            }
        }, 
        {
            "stats": {
                "q1": 0.003592967987060547, 
                "q3": 0.004418611526489258, 
                "iterations": 1, 
                "min": 0.003398895263671875, 
                "max": 0.004455089569091797, 
                "median": 0.004084587097167969, 
                "iqr": 0.0008256435394287109, 
                "iqr_outliers": 0, 
                "stddev_outliers": 1, 
                "ld15iqr": 0.003398895263671875, 
                "stddev": 0.0005032153261151686, 
                "hd15iqr": 0.004455089569091797, 
                "outliers": "1;0", 
                "data": [
                    0.0037870407104492188, 
                    0.003398895263671875, 
                    0.004455089569091797, 
                    0.004382133483886719
                ], 
                "rounds": 4, 
                "mean": 0.004005789756774902
            }, 
            "fullname": "tests/test_argument_source_updates.py::test_argument_updates_with_db_large", 
            "group": null, 
            "name": "test_argument_updates_with_db_large", 
            "options": {
                "disable_gc": false, 
                "warmup": false, 
                "timer": "time", 
                "min_rounds": 5, 
                "max_time": 1.0, 
                "min_time": 5e-06
            }
        }, 
        {
            "stats": {
                "q1": 0.003646373748779297, 
                "q3": 0.0037769079208374023, 
                "iterations": 1, 
                "min": 0.003629922866821289, 
                "max": 0.003833770751953125, 
                "median": 0.003691434860229492, 
                "iqr": 0.00013053417205810547, 
                "iqr_outliers": 0, 
                "stddev_outliers": 1, 
                "ld15iqr": 0.003629922866821289, 
                "stddev": 8.953062089638772e-05, 
                "hd15iqr": 0.003833770751953125, 
                "outliers": "1;0", 
                "data": [
                    0.0036628246307373047, 
                    0.003833770751953125, 
                    0.0037200450897216797, 
                    0.003629922866821289
                ], 
                "rounds": 4, 
                "mean": 0.0037116408348083496
            }, 
            "fullname": "tests/test_argument_source_updates.py::test_argument_updates_with_db_humongous", 
            "group": null, 
            "name": "test_argument_updates_with_db_humongous", 
            "options": {
                "disable_gc": false, 
                "warmup": false, 
                "timer": "time", 
                "min_rounds": 5, 
                "max_time": 1.0, 
                "min_time": 5e-06
            }
        }
    ], 
    "machine_info": {
        "node": "anderslime.local", 
        "machine": "x86_64", 
        "python_version": "2.7.11", 
        "release": "15.3.0", 
        "python_compiler": "GCC 4.2.1 Compatible Apple LLVM 7.0.2 (clang-700.1.81)", 
        "python_implementation": "CPython", 
        "processor": "i386", 
        "system": "Darwin"
    }, 
    "datetime": "2016-03-16T10:34:12.438106"
}