{
    "commit_info": {
        "id": "bc8eb76841cb39aa737957b4ebd367b3a9760330", 
        "dirty": true
    }, 
    "version": "3.0.0", 
    "benchmarks": [
        {
            "stats": {
                "q1": 0.20557904243469238, 
                "q3": 0.20557904243469238, 
                "iterations": 1, 
                "min": 0.20557904243469238, 
                "max": 0.20557904243469238, 
                "median": 0.20557904243469238, 
                "iqr": 0.0, 
                "iqr_outliers": 0, 
                "stddev_outliers": 0, 
                "ld15iqr": 0.20557904243469238, 
                "stddev": 0, 
                "hd15iqr": 0.20557904243469238, 
                "outliers": "0;0", 
                "data": [
                    0.20557904243469238
                ], 
                "rounds": 1, 
                "mean": 0.20557904243469238
            }, 
            "fullname": "tests/test_duplicate_updates.py::test_duplicate_updates_by_runtime__milliseconds_100", 
            "group": null, 
            "name": "test_duplicate_updates_by_runtime__milliseconds_100", 
            "options": {
                "disable_gc": false, 
                "warmup": false, 
                "timer": "time", 
                "min_rounds": 5, 
                "max_time": 1.0, 
                "min_time": 5e-06
            }
        }, 
        {
            "stats": {
                "q1": 0.6012380123138428, 
                "q3": 0.6012380123138428, 
                "iterations": 1, 
                "min": 0.6012380123138428, 
                "max": 0.6012380123138428, 
                "median": 0.6012380123138428, 
                "iqr": 0.0, 
                "iqr_outliers": 0, 
                "stddev_outliers": 0, 
                "ld15iqr": 0.6012380123138428, 
                "stddev": 0, 
                "hd15iqr": 0.6012380123138428, 
                "outliers": "0;0", 
                "data": [
                    0.6012380123138428
                ], 
                "rounds": 1, 
                "mean": 0.6012380123138428
            }, 
            "fullname": "tests/test_duplicate_updates.py::test_duplicate_updates_by_runtime__milliseconds_500", 
            "group": null, 
            "name": "test_duplicate_updates_by_runtime__milliseconds_500", 
            "options": {
                "disable_gc": false, 
                "warmup": false, 
                "timer": "time", 
                "min_rounds": 5, 
                "max_time": 1.0, 
                "min_time": 5e-06
            }
        }, 
        {
            "stats": {
                "q1": 1.0987489223480225, 
                "q3": 1.0987489223480225, 
                "iterations": 1, 
                "min": 1.0987489223480225, 
                "max": 1.0987489223480225, 
                "median": 1.0987489223480225, 
                "iqr": 0.0, 
                "iqr_outliers": 0, 
                "stddev_outliers": 0, 
                "ld15iqr": 1.0987489223480225, 
                "stddev": 0, 
                "hd15iqr": 1.0987489223480225, 
                "outliers": "0;0", 
                "data": [
                    1.0987489223480225
                ], 
                "rounds": 1, 
                "mean": 1.0987489223480225
            }, 
            "fullname": "tests/test_duplicate_updates.py::test_duplicate_updates_by_runtime__milliseconds_1000", 
            "group": null, 
            "name": "test_duplicate_updates_by_runtime__milliseconds_1000", 
            "options": {
                "disable_gc": false, 
                "warmup": false, 
                "timer": "time", 
                "min_rounds": 5, 
                "max_time": 1.0, 
                "min_time": 5e-06
            }
        }, 
        {
            "stats": {
                "q1": 0.5971660614013672, 
                "q3": 0.5971660614013672, 
                "iterations": 1, 
                "min": 0.5971660614013672, 
                "max": 0.5971660614013672, 
                "median": 0.5971660614013672, 
                "iqr": 0.0, 
                "iqr_outliers": 0, 
                "stddev_outliers": 0, 
                "ld15iqr": 0.5971660614013672, 
                "stddev": 0, 
                "hd15iqr": 0.5971660614013672, 
                "outliers": "0;0", 
                "data": [
                    0.5971660614013672
                ], 
                "rounds": 1, 
                "mean": 0.5971660614013672
            }, 
            "fullname": "tests/test_duplicate_updates.py::test_duplicate_updates_by_updates__updates_10", 
            "group": null, 
            "name": "test_duplicate_updates_by_updates__updates_10", 
            "options": {
                "disable_gc": false, 
                "warmup": false, 
                "timer": "time", 
                "min_rounds": 5, 
                "max_time": 1.0, 
                "min_time": 5e-06
            }
        }, 
        {
            "stats": {
                "q1": 0.6841559410095215, 
                "q3": 0.6841559410095215, 
                "iterations": 1, 
                "min": 0.6841559410095215, 
                "max": 0.6841559410095215, 
                "median": 0.6841559410095215, 
                "iqr": 0.0, 
                "iqr_outliers": 0, 
                "stddev_outliers": 0, 
                "ld15iqr": 0.6841559410095215, 
                "stddev": 0, 
                "hd15iqr": 0.6841559410095215, 
                "outliers": "0;0", 
                "data": [
                    0.6841559410095215
                ], 
                "rounds": 1, 
                "mean": 0.6841559410095215
            }, 
            "fullname": "tests/test_duplicate_updates.py::test_duplicate_updates_by_updates__updates_20", 
            "group": null, 
            "name": "test_duplicate_updates_by_updates__updates_20", 
            "options": {
                "disable_gc": false, 
                "warmup": false, 
                "timer": "time", 
                "min_rounds": 5, 
                "max_time": 1.0, 
                "min_time": 5e-06
            }
        }, 
        {
            "stats": {
                "q1": 0.8603250980377197, 
                "q3": 0.8603250980377197, 
                "iterations": 1, 
                "min": 0.8603250980377197, 
                "max": 0.8603250980377197, 
                "median": 0.8603250980377197, 
                "iqr": 0.0, 
                "iqr_outliers": 0, 
                "stddev_outliers": 0, 
                "ld15iqr": 0.8603250980377197, 
                "stddev": 0, 
                "hd15iqr": 0.8603250980377197, 
                "outliers": "0;0", 
                "data": [
                    0.8603250980377197
                ], 
                "rounds": 1, 
                "mean": 0.8603250980377197
            }, 
            "fullname": "tests/test_duplicate_updates.py::test_duplicate_updates_by_updates__updates_40", 
            "group": null, 
            "name": "test_duplicate_updates_by_updates__updates_40", 
            "options": {
                "disable_gc": false, 
                "warmup": false, 
                "timer": "time", 
                "min_rounds": 5, 
                "max_time": 1.0, 
                "min_time": 5e-06
            }
        }
    ], 
    "machine_info": {
        "node": "anderslime.local", 
        "machine": "x86_64", 
        "python_version": "2.7.11", 
        "release": "15.4.0", 
        "python_compiler": "GCC 4.2.1 Compatible Apple LLVM 7.0.2 (clang-700.1.81)", 
        "python_implementation": "CPython", 
        "processor": "i386", 
        "system": "Darwin"
    }, 
    "datetime": "2016-04-20T11:12:20.756314"
}