{
    "commit_info": {
        "id": "83bf2580277e42f5639519b98b7650877906b453", 
        "dirty": true
    }, 
    "version": "3.0.0", 
    "benchmarks": [
        {
            "stats": {
                "q1": 0.20127487182617188, 
                "q3": 0.20127487182617188, 
                "iterations": 1, 
                "min": 0.20127487182617188, 
                "max": 0.20127487182617188, 
                "median": 0.20127487182617188, 
                "iqr": 0.0, 
                "iqr_outliers": 0, 
                "stddev_outliers": 0, 
                "ld15iqr": 0.20127487182617188, 
                "stddev": 0, 
                "hd15iqr": 0.20127487182617188, 
                "outliers": "0;0", 
                "data": [
                    0.20127487182617188
                ], 
                "rounds": 1, 
                "mean": 0.20127487182617188
            }, 
            "fullname": "tests/test_duplicate_updates.py::test_duplicate_updates_by_runtime__milliseconds_100", 
            "group": null, 
            "name": "test_duplicate_updates_by_runtime__milliseconds_100", 
            "options": {
                "disable_gc": false, 
                "warmup": false, 
                "timer": "time", 
                "min_rounds": 5, 
                "max_time": 1.0, 
                "min_time": 5e-06
            }
        }, 
        {
            "stats": {
                "q1": 0.589418888092041, 
                "q3": 0.589418888092041, 
                "iterations": 1, 
                "min": 0.589418888092041, 
                "max": 0.589418888092041, 
                "median": 0.589418888092041, 
                "iqr": 0.0, 
                "iqr_outliers": 0, 
                "stddev_outliers": 0, 
                "ld15iqr": 0.589418888092041, 
                "stddev": 0, 
                "hd15iqr": 0.589418888092041, 
                "outliers": "0;0", 
                "data": [
                    0.589418888092041
                ], 
                "rounds": 1, 
                "mean": 0.589418888092041
            }, 
            "fullname": "tests/test_duplicate_updates.py::test_duplicate_updates_by_runtime__milliseconds_500", 
            "group": null, 
            "name": "test_duplicate_updates_by_runtime__milliseconds_500", 
            "options": {
                "disable_gc": false, 
                "warmup": false, 
                "timer": "time", 
                "min_rounds": 5, 
                "max_time": 1.0, 
                "min_time": 5e-06
            }
        }, 
        {
            "stats": {
                "q1": 1.1003470420837402, 
                "q3": 1.1003470420837402, 
                "iterations": 1, 
                "min": 1.1003470420837402, 
                "max": 1.1003470420837402, 
                "median": 1.1003470420837402, 
                "iqr": 0.0, 
                "iqr_outliers": 0, 
                "stddev_outliers": 0, 
                "ld15iqr": 1.1003470420837402, 
                "stddev": 0, 
                "hd15iqr": 1.1003470420837402, 
                "outliers": "0;0", 
                "data": [
                    1.1003470420837402
                ], 
                "rounds": 1, 
                "mean": 1.1003470420837402
            }, 
            "fullname": "tests/test_duplicate_updates.py::test_duplicate_updates_by_runtime__milliseconds_1000", 
            "group": null, 
            "name": "test_duplicate_updates_by_runtime__milliseconds_1000", 
            "options": {
                "disable_gc": false, 
                "warmup": false, 
                "timer": "time", 
                "min_rounds": 5, 
                "max_time": 1.0, 
                "min_time": 5e-06
            }
        }, 
        {
            "stats": {
                "q1": 0.08720898628234863, 
                "q3": 0.08720898628234863, 
                "iterations": 1, 
                "min": 0.08720898628234863, 
                "max": 0.08720898628234863, 
                "median": 0.08720898628234863, 
                "iqr": 0.0, 
                "iqr_outliers": 0, 
                "stddev_outliers": 0, 
                "ld15iqr": 0.08720898628234863, 
                "stddev": 0, 
                "hd15iqr": 0.08720898628234863, 
                "outliers": "0;0", 
                "data": [
                    0.08720898628234863
                ], 
                "rounds": 1, 
                "mean": 0.08720898628234863
            }, 
            "fullname": "tests/test_duplicate_updates.py::test_duplicate_updates_by_updates__updates_10", 
            "group": null, 
            "name": "test_duplicate_updates_by_updates__updates_10", 
            "options": {
                "disable_gc": false, 
                "warmup": false, 
                "timer": "time", 
                "min_rounds": 5, 
                "max_time": 1.0, 
                "min_time": 5e-06
            }
        }, 
        {
            "stats": {
                "q1": 0.17104101181030273, 
                "q3": 0.17104101181030273, 
                "iterations": 1, 
                "min": 0.17104101181030273, 
                "max": 0.17104101181030273, 
                "median": 0.17104101181030273, 
                "iqr": 0.0, 
                "iqr_outliers": 0, 
                "stddev_outliers": 0, 
                "ld15iqr": 0.17104101181030273, 
                "stddev": 0, 
                "hd15iqr": 0.17104101181030273, 
                "outliers": "0;0", 
                "data": [
                    0.17104101181030273
                ], 
                "rounds": 1, 
                "mean": 0.17104101181030273
            }, 
            "fullname": "tests/test_duplicate_updates.py::test_duplicate_updates_by_updates__updates_20", 
            "group": null, 
            "name": "test_duplicate_updates_by_updates__updates_20", 
            "options": {
                "disable_gc": false, 
                "warmup": false, 
                "timer": "time", 
                "min_rounds": 5, 
                "max_time": 1.0, 
                "min_time": 5e-06
            }
        }, 
        {
            "stats": {
                "q1": 0.3662230968475342, 
                "q3": 0.3662230968475342, 
                "iterations": 1, 
                "min": 0.3662230968475342, 
                "max": 0.3662230968475342, 
                "median": 0.3662230968475342, 
                "iqr": 0.0, 
                "iqr_outliers": 0, 
                "stddev_outliers": 0, 
                "ld15iqr": 0.3662230968475342, 
                "stddev": 0, 
                "hd15iqr": 0.3662230968475342, 
                "outliers": "0;0", 
                "data": [
                    0.3662230968475342
                ], 
                "rounds": 1, 
                "mean": 0.3662230968475342
            }, 
            "fullname": "tests/test_duplicate_updates.py::test_duplicate_updates_by_updates__updates_40", 
            "group": null, 
            "name": "test_duplicate_updates_by_updates__updates_40", 
            "options": {
                "disable_gc": false, 
                "warmup": false, 
                "timer": "time", 
                "min_rounds": 5, 
                "max_time": 1.0, 
                "min_time": 5e-06
            }
        }
    ], 
    "machine_info": {
        "node": "anderslime.local", 
        "machine": "x86_64", 
        "python_version": "2.7.11", 
        "release": "15.4.0", 
        "python_compiler": "GCC 4.2.1 Compatible Apple LLVM 7.0.2 (clang-700.1.81)", 
        "python_implementation": "CPython", 
        "processor": "i386", 
        "system": "Darwin"
    }, 
    "datetime": "2016-04-20T09:19:02.952348"
}