{
    "commit_info": {
        "id": "062b374a623e206c85ae96f3ba12494403e0f3ff", 
        "dirty": true
    }, 
    "version": "3.0.0", 
    "benchmarks": [
        {
            "stats": {
                "q1": 0.012546062469482422, 
                "q3": 0.014533519744873047, 
                "iterations": 1, 
                "min": 0.012445211410522461, 
                "max": 0.01614999771118164, 
                "median": 0.012781977653503418, 
                "iqr": 0.001987457275390625, 
                "iqr_outliers": 0, 
                "stddev_outliers": 1, 
                "ld15iqr": 0.012445211410522461, 
                "stddev": 0.0017508407813402254, 
                "hd15iqr": 0.01614999771118164, 
                "outliers": "1;0", 
                "data": [
                    0.01614999771118164, 
                    0.012445211410522461, 
                    0.012646913528442383, 
                    0.012917041778564453
                ], 
                "rounds": 4, 
                "mean": 0.013539791107177734
            }, 
            "fullname": "tests/test_relation_source_updates.py::test_relation_updates_with_db_small", 
            "group": null, 
            "name": "test_relation_updates_with_db_small", 
            "options": {
                "disable_gc": false, 
                "warmup": false, 
                "timer": "time", 
                "min_rounds": 5, 
                "max_time": 1.0, 
                "min_time": 5e-06
            }
        }, 
        {
            "stats": {
                "q1": 0.016001462936401367, 
                "q3": 0.017681479454040527, 
                "iterations": 1, 
                "min": 0.01583385467529297, 
                "max": 0.017933130264282227, 
                "median": 0.016799449920654297, 
                "iqr": 0.0016800165176391602, 
                "iqr_outliers": 0, 
                "stddev_outliers": 2, 
                "ld15iqr": 0.01583385467529297, 
                "stddev": 0.0010008824137587426, 
                "hd15iqr": 0.017933130264282227, 
                "outliers": "2;0", 
                "data": [
                    0.017933130264282227, 
                    0.016169071197509766, 
                    0.017429828643798828, 
                    0.01583385467529297
                ], 
                "rounds": 4, 
                "mean": 0.016841471195220947
            }, 
            "fullname": "tests/test_relation_source_updates.py::test_relation_updates_with_db_medium", 
            "group": null, 
            "name": "test_relation_updates_with_db_medium", 
            "options": {
                "disable_gc": false, 
                "warmup": false, 
                "timer": "time", 
                "min_rounds": 5, 
                "max_time": 1.0, 
                "min_time": 5e-06
            }
        }, 
        {
            "stats": {
                "q1": 0.024598360061645508, 
                "q3": 0.026947498321533203, 
                "iterations": 1, 
                "min": 0.02404189109802246, 
                "max": 0.027478933334350586, 
                "median": 0.025785446166992188, 
                "iqr": 0.0023491382598876953, 
                "iqr_outliers": 0, 
                "stddev_outliers": 2, 
                "ld15iqr": 0.02404189109802246, 
                "stddev": 0.0014947254290466447, 
                "hd15iqr": 0.027478933334350586, 
                "outliers": "2;0", 
                "data": [
                    0.027478933334350586, 
                    0.025154829025268555, 
                    0.02404189109802246, 
                    0.02641606330871582
                ], 
                "rounds": 4, 
                "mean": 0.025772929191589355
            }, 
            "fullname": "tests/test_relation_source_updates.py::test_relation_updates_with_db_large", 
            "group": null, 
            "name": "test_relation_updates_with_db_large", 
            "options": {
                "disable_gc": false, 
                "warmup": false, 
                "timer": "time", 
                "min_rounds": 5, 
                "max_time": 1.0, 
                "min_time": 5e-06
            }
        }, 
        {
            "stats": {
                "q1": 0.03861045837402344, 
                "q3": 0.04155302047729492, 
                "iterations": 1, 
                "min": 0.0377810001373291, 
                "max": 0.04221606254577637, 
                "median": 0.040164947509765625, 
                "iqr": 0.0029425621032714844, 
                "iqr_outliers": 0, 
                "stddev_outliers": 2, 
                "ld15iqr": 0.0377810001373291, 
                "stddev": 0.0019073474804556863, 
                "hd15iqr": 0.04221606254577637, 
                "outliers": "2;0", 
                "data": [
                    0.04088997840881348, 
                    0.0377810001373291, 
                    0.03943991661071777, 
                    0.04221606254577637
                ], 
                "rounds": 4, 
                "mean": 0.04008173942565918
            }, 
            "fullname": "tests/test_relation_source_updates.py::test_relation_updates_with_db_humongous", 
            "group": null, 
            "name": "test_relation_updates_with_db_humongous", 
            "options": {
                "disable_gc": false, 
                "warmup": false, 
                "timer": "time", 
                "min_rounds": 5, 
                "max_time": 1.0, 
                "min_time": 5e-06
            }
        }
    ], 
    "machine_info": {
        "node": "anderslime.local", 
        "machine": "x86_64", 
        "python_version": "2.7.11", 
        "release": "15.3.0", 
        "python_compiler": "GCC 4.2.1 Compatible Apple LLVM 7.0.2 (clang-700.1.81)", 
        "python_implementation": "CPython", 
        "processor": "i386", 
        "system": "Darwin"
    }, 
    "datetime": "2016-03-16T10:34:15.846955"
}