{
    "commit_info": {
        "id": "b9961e0f86453a24d0ac7d8117d923fbf2dbb54d", 
        "dirty": true
    }, 
    "version": "3.0.0", 
    "benchmarks": [
        {
            "stats": {
                "q1": 0.011689424514770508, 
                "q3": 0.014146566390991211, 
                "iterations": 1, 
                "min": 0.01166391372680664, 
                "max": 0.0159759521484375, 
                "median": 0.012016057968139648, 
                "iqr": 0.002457141876220703, 
                "iqr_outliers": 0, 
                "stddev_outliers": 1, 
                "ld15iqr": 0.01166391372680664, 
                "stddev": 0.0020601094064456173, 
                "hd15iqr": 0.0159759521484375, 
                "outliers": "1;0", 
                "data": [
                    0.0159759521484375, 
                    0.01166391372680664, 
                    0.012317180633544922, 
                    0.011714935302734375
                ], 
                "rounds": 4, 
                "mean": 0.01291799545288086
            }, 
            "fullname": "tests/test_relation_source_updates.py::test_relation_updates_with_db_small", 
            "group": null, 
            "name": "test_relation_updates_with_db_small", 
            "options": {
                "disable_gc": false, 
                "warmup": false, 
                "timer": "time", 
                "min_rounds": 5, 
                "max_time": 1.0, 
                "min_time": 5e-06
            }
        }, 
        {
            "stats": {
                "q1": 0.016717076301574707, 
                "q3": 0.01762545108795166, 
                "iterations": 1, 
                "min": 0.016514062881469727, 
                "max": 0.018159866333007812, 
                "median": 0.017005562782287598, 
                "iqr": 0.0009083747863769531, 
                "iqr_outliers": 0, 
                "stddev_outliers": 1, 
                "ld15iqr": 0.016514062881469727, 
                "stddev": 0.0007020856923737236, 
                "hd15iqr": 0.018159866333007812, 
                "outliers": "1;0", 
                "data": [
                    0.018159866333007812, 
                    0.017091035842895508, 
                    0.016920089721679688, 
                    0.016514062881469727
                ], 
                "rounds": 4, 
                "mean": 0.017171263694763184
            }, 
            "fullname": "tests/test_relation_source_updates.py::test_relation_updates_with_db_medium", 
            "group": null, 
            "name": "test_relation_updates_with_db_medium", 
            "options": {
                "disable_gc": false, 
                "warmup": false, 
                "timer": "time", 
                "min_rounds": 5, 
                "max_time": 1.0, 
                "min_time": 5e-06
            }
        }, 
        {
            "stats": {
                "q1": 0.024828553199768066, 
                "q3": 0.02590346336364746, 
                "iterations": 1, 
                "min": 0.02472209930419922, 
                "max": 0.02654099464416504, 
                "median": 0.0251004695892334, 
                "iqr": 0.0010749101638793945, 
                "iqr_outliers": 0, 
                "stddev_outliers": 1, 
                "ld15iqr": 0.02472209930419922, 
                "stddev": 0.000814655140013564, 
                "hd15iqr": 0.02654099464416504, 
                "outliers": "1;0", 
                "data": [
                    0.02654099464416504, 
                    0.024935007095336914, 
                    0.025265932083129883, 
                    0.02472209930419922
                ], 
                "rounds": 4, 
                "mean": 0.025366008281707764
            }, 
            "fullname": "tests/test_relation_source_updates.py::test_relation_updates_with_db_large", 
            "group": null, 
            "name": "test_relation_updates_with_db_large", 
            "options": {
                "disable_gc": false, 
                "warmup": false, 
                "timer": "time", 
                "min_rounds": 5, 
                "max_time": 1.0, 
                "min_time": 5e-06
            }
        }, 
        {
            "stats": {
                "q1": 0.03799557685852051, 
                "q3": 0.04111933708190918, 
                "iterations": 1, 
                "min": 0.03789496421813965, 
                "max": 0.04168581962585449, 
                "median": 0.03932452201843262, 
                "iqr": 0.003123760223388672, 
                "iqr_outliers": 0, 
                "stddev_outliers": 1, 
                "ld15iqr": 0.03789496421813965, 
                "stddev": 0.0018636817222211493, 
                "hd15iqr": 0.04168581962585449, 
                "outliers": "1;0", 
                "data": [
                    0.04055285453796387, 
                    0.04168581962585449, 
                    0.03789496421813965, 
                    0.03809618949890137
                ], 
                "rounds": 4, 
                "mean": 0.039557456970214844
            }, 
            "fullname": "tests/test_relation_source_updates.py::test_relation_updates_with_db_humongous", 
            "group": null, 
            "name": "test_relation_updates_with_db_humongous", 
            "options": {
                "disable_gc": false, 
                "warmup": false, 
                "timer": "time", 
                "min_rounds": 5, 
                "max_time": 1.0, 
                "min_time": 5e-06
            }
        }
    ], 
    "machine_info": {
        "node": "anderslime.local", 
        "machine": "x86_64", 
        "python_version": "2.7.11", 
        "release": "15.3.0", 
        "python_compiler": "GCC 4.2.1 Compatible Apple LLVM 7.0.2 (clang-700.1.81)", 
        "python_implementation": "CPython", 
        "processor": "i386", 
        "system": "Darwin"
    }, 
    "datetime": "2016-03-16T11:18:45.533946"
}