{
    "commit_info": {
        "id": "c587b389b27d6ebc124b7b28e7bba9fba6f6eeaa", 
        "dirty": true
    }, 
    "version": "3.0.0", 
    "benchmarks": [
        {
            "stats": {
                "q1": 0.011629939079284668, 
                "q3": 0.014325499534606934, 
                "iterations": 1, 
                "min": 0.01145792007446289, 
                "max": 0.01582789421081543, 
                "median": 0.012312531471252441, 
                "iqr": 0.0026955604553222656, 
                "iqr_outliers": 0, 
                "stddev_outliers": 1, 
                "ld15iqr": 0.01145792007446289, 
                "stddev": 0.001986588933367628, 
                "hd15iqr": 0.01582789421081543, 
                "outliers": "1;0", 
                "data": [
                    0.01582789421081543, 
                    0.01145792007446289, 
                    0.012823104858398438, 
                    0.011801958084106445
                ], 
                "rounds": 4, 
                "mean": 0.0129777193069458
            }, 
            "fullname": "tests/test_relation_source_updates.py::test_relation_updates_with_db_small", 
            "group": null, 
            "name": "test_relation_updates_with_db_small", 
            "options": {
                "disable_gc": false, 
                "warmup": false, 
                "timer": "time", 
                "min_rounds": 5, 
                "max_time": 1.0, 
                "min_time": 5e-06
            }
        }, 
        {
            "stats": {
                "q1": 0.015624046325683594, 
                "q3": 0.017343521118164062, 
                "iterations": 1, 
                "min": 0.01541900634765625, 
                "max": 0.017709970474243164, 
                "median": 0.01640307903289795, 
                "iqr": 0.0017194747924804688, 
                "iqr_outliers": 0, 
                "stddev_outliers": 2, 
                "ld15iqr": 0.01541900634765625, 
                "stddev": 0.001050277202820956, 
                "hd15iqr": 0.017709970474243164, 
                "outliers": "2;0", 
                "data": [
                    0.017709970474243164, 
                    0.01697707176208496, 
                    0.015829086303710938, 
                    0.01541900634765625
                ], 
                "rounds": 4, 
                "mean": 0.016483783721923828
            }, 
            "fullname": "tests/test_relation_source_updates.py::test_relation_updates_with_db_medium", 
            "group": null, 
            "name": "test_relation_updates_with_db_medium", 
            "options": {
                "disable_gc": false, 
                "warmup": false, 
                "timer": "time", 
                "min_rounds": 5, 
                "max_time": 1.0, 
                "min_time": 5e-06
            }
        }, 
        {
            "stats": {
                "q1": 0.02448248863220215, 
                "q3": 0.02651655673980713, 
                "iterations": 1, 
                "min": 0.024029016494750977, 
                "max": 0.027539968490600586, 
                "median": 0.025214552879333496, 
                "iqr": 0.0020340681076049805, 
                "iqr_outliers": 0, 
                "stddev_outliers": 1, 
                "ld15iqr": 0.024029016494750977, 
                "stddev": 0.0014881140467707253, 
                "hd15iqr": 0.027539968490600586, 
                "outliers": "1;0", 
                "data": [
                    0.02493596076965332, 
                    0.025493144989013672, 
                    0.024029016494750977, 
                    0.027539968490600586
                ], 
                "rounds": 4, 
                "mean": 0.02549952268600464
            }, 
            "fullname": "tests/test_relation_source_updates.py::test_relation_updates_with_db_large", 
            "group": null, 
            "name": "test_relation_updates_with_db_large", 
            "options": {
                "disable_gc": false, 
                "warmup": false, 
                "timer": "time", 
                "min_rounds": 5, 
                "max_time": 1.0, 
                "min_time": 5e-06
            }
        }, 
        {
            "stats": {
                "q1": 0.0374605655670166, 
                "q3": 0.0390315055847168, 
                "iterations": 1, 
                "min": 0.03742194175720215, 
                "max": 0.04027295112609863, 
                "median": 0.03764462471008301, 
                "iqr": 0.0015709400177001953, 
                "iqr_outliers": 0, 
                "stddev_outliers": 1, 
                "ld15iqr": 0.03742194175720215, 
                "stddev": 0.001360540358462369, 
                "hd15iqr": 0.04027295112609863, 
                "outliers": "1;0", 
                "data": [
                    0.04027295112609863, 
                    0.037499189376831055, 
                    0.03779006004333496, 
                    0.03742194175720215
                ], 
                "rounds": 4, 
                "mean": 0.0382460355758667
            }, 
            "fullname": "tests/test_relation_source_updates.py::test_relation_updates_with_db_humongous", 
            "group": null, 
            "name": "test_relation_updates_with_db_humongous", 
            "options": {
                "disable_gc": false, 
                "warmup": false, 
                "timer": "time", 
                "min_rounds": 5, 
                "max_time": 1.0, 
                "min_time": 5e-06
            }
        }
    ], 
    "machine_info": {
        "node": "anderslime.local", 
        "machine": "x86_64", 
        "python_version": "2.7.11", 
        "release": "15.3.0", 
        "python_compiler": "GCC 4.2.1 Compatible Apple LLVM 7.0.2 (clang-700.1.81)", 
        "python_implementation": "CPython", 
        "processor": "i386", 
        "system": "Darwin"
    }, 
    "datetime": "2016-03-16T14:39:11.497018"
}